{"cameraMode":{"drawMode":0,"name":"Shaded","section":"Shading Mode"},"sceneLighting":false,"audioPlay":false,"sceneViewState":{"showFog":true,"showMaterialUpdate":false,"showSkybox":false,"showFlares":true,"showImageEffects":true,"showParticleSystems":true},"in2DMode":false,"pivot":{"x":-0.034043088555336,"y":0.03818951174616814,"z":-0.08915934711694718},"rotation":{"x":-0.034152332693338397,"y":0.9428971409797669,"z":-0.3151474595069885,"w":-0.10385873913764954},"size":3.617321014404297,"orthographic":true}