{"cameraMode":{"drawMode":0,"name":"Shaded","section":"Shading Mode"},"sceneLighting":false,"audioPlay":false,"sceneViewState":{"showFog":true,"showMaterialUpdate":false,"showSkybox":false,"showFlares":true,"showImageEffects":true,"showParticleSystems":true},"in2DMode":false,"pivot":{"x":2.0799999237060549,"y":0.6600000858306885,"z":3.7300000190734865},"rotation":{"x":-0.17413917183876038,"y":0.5450100302696228,"z":-0.1172768771648407,"w":-0.8118369579315186},"size":2.588338613510132,"orthographic":true}