{"cameraMode":{"drawMode":0,"name":"Shaded","section":"Shading Mode"},"sceneLighting":false,"audioPlay":false,"sceneViewState":{"showFog":true,"showMaterialUpdate":false,"showSkybox":false,"showFlares":true,"showImageEffects":true,"showParticleSystems":true},"in2DMode":false,"pivot":{"x":-0.009407848119735718,"y":0.5587897896766663,"z":0.1458229124546051},"rotation":{"x":-0.06884036213159561,"y":-0.7037959694862366,"z":0.0688486248254776,"w":-0.7037819623947144},"size":1.1518834829330445,"orthographic":true}