{"cameraMode":{"drawMode":0,"name":"Shaded","section":"Shading Mode"},"sceneLighting":false,"audioPlay":false,"sceneViewState":{"showFog":true,"showMaterialUpdate":false,"showSkybox":true,"showFlares":true,"showImageEffects":true,"showParticleSystems":true},"in2DMode":false,"pivot":{"x":18.218360900878908,"y":8.052047729492188,"z":-1.7463791370391846},"rotation":{"x":0.4193994104862213,"y":0.3849047124385834,"z":-0.2026151418685913,"w":0.7968366146087647},"size":7.035879135131836,"orthographic":false}