{"cameraMode":{"drawMode":0,"name":"Shaded","section":"Shading Mode"},"sceneLighting":false,"audioPlay":false,"sceneViewState":{"showFog":true,"showMaterialUpdate":false,"showSkybox":false,"showFlares":true,"showImageEffects":true,"showParticleSystems":true},"in2DMode":false,"pivot":{"x":2.1744956970214845,"y":-1.9775049686431885,"z":0.11568295955657959},"rotation":{"x":0.029600998386740686,"y":0.7086008787155151,"z":-0.029778093099594117,"w":0.7043617367744446},"size":4.375759601593018,"orthographic":true}